{"0": {"radiant": ["Rubick", "Treant Protector", "Shadow Fiend", "Spectre", "Abaddon"], "dire": ["Ember Spirit", "Abaddon", "Templar Assassin", "Earthshaker", "Alchemist"]}, "1": {"radiant": ["Rubick", "Treant Protector", "Shadow Fiend", "Spectre", "Alchemist"], "dire": ["Ember Spirit", "Abaddon", "Templar Assassin", "Earthshaker", "Alchemist"]}, "2": {"radiant": ["Rubick", "Treant Protector", "Shadow Fiend", "Spectre", "Axe"], "dire": ["Ember Spirit", "Abaddon", "Templar Assassin", "Earthshaker", "Alchemist"]}, "3": {"radiant": ["Rubick", "Treant Protector", "Shadow Fiend", "Spectre", "Beastmaster"], "dire": ["Ember Spirit", "Abaddon", "Templar Assassin", "Earthshaker", "Alchemist"]}, "4": {"radiant": ["Rubick", "Treant Protector", "Shadow Fiend", "Spectre", "Brewmaster"], "dire": ["Ember Spirit", "Abaddon", "Templar Assassin", "Earthshaker", "Alchemist"]}, "5": {"radiant": ["Rubick", "Treant Protector", "Shadow Fiend", "Spectre", "Bristleback"], "dire": ["Ember Spirit", "Abaddon", "Templar Assassin", "Earthshaker", "Alchemist"]}, "6": {"radiant": ["Rubick", "Treant Protector", "Shadow Fiend", "Spectre", "Centaur Warrunner"], "dire": ["Ember Spirit", "Abaddon", "Templar Assassin", "Earthshaker", "Alchemist"]}, "7": {"radiant": ["Rubick", "Treant Protector", "Shadow Fiend", "Spectre", "Chaos Knight"], "dire": ["Ember Spirit", "Abaddon", "Templar Assassin", "Earthshaker", "Alchemist"]}, "8": {"radiant": ["Rubick", "Treant Protector", "Shadow Fiend", "Spectre", "Clockwerk"], "dire": ["Ember Spirit", "Abaddon", "Templar Assassin", "Earthshaker", "Alchemist"]}, "9": {"radiant": ["Rubick", "Treant Protector", "Shadow Fiend", "Spectre", "Doom"], "dire": ["Ember Spirit", "Abaddon", "Templar Assassin", "Earthshaker", "Alchemist"]}, "10": {"radiant": ["Rubick", "Treant Protector", "Shadow Fiend", "Spectre", "Dragon Knight"], "dire": ["Ember Spirit", "Abaddon", "Templar Assassin", "Earthshaker", "Alchemist"]}, "11": {"radiant": ["Rubick", "Treant Protector", "Shadow Fiend", "Spectre", "Earth Spirit"], "dire": ["Ember Spirit", "Abaddon", "Templar Assassin", "Earthshaker", "Alchemist"]}, "12": {"radiant": ["Rubick", "Treant Protector", "Shadow Fiend", "Spectre", "Earthshaker"], "dire": ["Ember Spirit", "Abaddon", "Templar Assassin", "Earthshaker", "Alchemist"]}, "13": {"radiant": ["Rubick", "Treant Protector", "Shadow Fiend", "Spectre", "Elder Titan"], "dire": ["Ember Spirit", "Abaddon", "Templar Assassin", "Earthshaker", "Alchemist"]}, "14": {"radiant": ["Rubick", "Treant Protector", "Shadow Fiend", "Spectre", "Huskar"], "dire": ["Ember Spirit", "Abaddon", "Templar Assassin", "Earthshaker", "Alchemist"]}, "15": {"radiant": ["Rubick", "Treant Protector", "Shadow Fiend", "Spectre", "Io"], "dire": ["Ember Spirit", "Abaddon", "Templar Assassin", "Earthshaker", "Alchemist"]}, "16": {"radiant": ["Rubick", "Treant Protector", "Shadow Fiend", "Spectre", "Kunkka"], "dire": ["Ember Spirit", "Abaddon", "Templar Assassin", "Earthshaker", "Alchemist"]}, "17": {"radiant": ["Rubick", "Treant Protector", "Shadow Fiend", "Spectre", "Legion Commander"], "dire": ["Ember Spirit", "Abaddon", "Templar Assassin", "Earthshaker", "Alchemist"]}, "18": {"radiant": ["Rubick", "Treant Protector", "Shadow Fiend", "Spectre", "Lifestealer"], "dire": ["Ember Spirit", "Abaddon", "Templar Assassin", "Earthshaker", "Alchemist"]}, "19": {"radiant": ["Rubick", "Treant Protector", "Shadow Fiend", "Spectre", "Lycan"], "dire": ["Ember Spirit", "Abaddon", "Templar Assassin", "Earthshaker", "Alchemist"]}, "20": {"radiant": ["Rubick", "Treant Protector", "Shadow Fiend", "Spectre", "Magnus"], "dire": ["Ember Spirit", "Abaddon", "Templar Assassin", "Earthshaker", "Alchemist"]}, "21": {"radiant": ["Rubick", "Treant Protector", "Shadow Fiend", "Spectre", "Mars"], "dire": ["Ember Spirit", "Abaddon", "Templar Assassin", "Earthshaker", "Alchemist"]}, "22": {"radiant": ["Rubick", "Treant Protector", "Shadow Fiend", "Spectre", "Night Stalker"], "dire": ["Ember Spirit", "Abaddon", "Templar Assassin", "Earthshaker", "Alchemist"]}, "23": {"radiant": ["Rubick", "Treant Protector", "Shadow Fiend", "Spectre", "Omniknight"], "dire": ["Ember Spirit", "Abaddon", "Templar Assassin", "Earthshaker", "Alchemist"]}, "24": {"radiant": ["Rubick", "Treant Protector", "Shadow Fiend", "Spectre", "Phoenix"], "dire": ["Ember Spirit", "Abaddon", "Templar Assassin", "Earthshaker", "Alchemist"]}, "25": {"radiant": ["Rubick", "Treant Protector", "Shadow Fiend", "Spectre", "Pudge"], "dire": ["Ember Spirit", "Abaddon", "Templar Assassin", "Earthshaker", "Alchemist"]}, "26": {"radiant": ["Rubick", "Treant Protector", "Shadow Fiend", "Spectre", "Sand King"], "dire": ["Ember Spirit", "Abaddon", "Templar Assassin", "Earthshaker", "Alchemist"]}, "27": {"radiant": ["Rubick", "Treant Protector", "Shadow Fiend", "Spectre", "Slardar"], "dire": ["Ember Spirit", "Abaddon", "Templar Assassin", "Earthshaker", "Alchemist"]}, "28": {"radiant": ["Rubick", "Treant Protector", "Shadow Fiend", "Spectre", "Snapfire"], "dire": ["Ember Spirit", "Abaddon", "Templar Assassin", "Earthshaker", "Alchemist"]}, "29": {"radiant": ["Rubick", "Treant Protector", "Shadow Fiend", "Spectre", "Spirit Breaker"], "dire": ["Ember Spirit", "Abaddon", "Templar Assassin", "Earthshaker", "Alchemist"]}, "30": {"radiant": ["Rubick", "Treant Protector", "Shadow Fiend", "Spectre", "Sven"], "dire": ["Ember Spirit", "Abaddon", "Templar Assassin", "Earthshaker", "Alchemist"]}, "31": {"radiant": ["Rubick", "Treant Protector", "Shadow Fiend", "Spectre", "Tidehunter"], "dire": ["Ember Spirit", "Abaddon", "Templar Assassin", "Earthshaker", "Alchemist"]}, "32": {"radiant": ["Rubick", "Treant Protector", "Shadow Fiend", "Spectre", "Timbersaw"], "dire": ["Ember Spirit", "Abaddon", "Templar Assassin", "Earthshaker", "Alchemist"]}, "33": {"radiant": ["Rubick", "Treant Protector", "Shadow Fiend", "Spectre", "Tiny"], "dire": ["Ember Spirit", "Abaddon", "Templar Assassin", "Earthshaker", "Alchemist"]}, "34": {"radiant": ["Rubick", "Treant Protector", "Shadow Fiend", "Spectre", "Treant Protector"], "dire": ["Ember Spirit", "Abaddon", "Templar Assassin", "Earthshaker", "Alchemist"]}, "35": {"radiant": ["Rubick", "Treant Protector", "Shadow Fiend", "Spectre", "Tusk"], "dire": ["Ember Spirit", "Abaddon", "Templar Assassin", "Earthshaker", "Alchemist"]}, "36": {"radiant": ["Rubick", "Treant Protector", "Shadow Fiend", "Spectre", "Underlord"], "dire": ["Ember Spirit", "Abaddon", "Templar Assassin", "Earthshaker", "Alchemist"]}, "37": {"radiant": ["Rubick", "Treant Protector", "Shadow Fiend", "Spectre", "Undying"], "dire": ["Ember Spirit", "Abaddon", "Templar Assassin", "Earthshaker", "Alchemist"]}, "38": {"radiant": ["Rubick", "Treant Protector", "Shadow Fiend", "Spectre", "Wraith King"], "dire": ["Ember Spirit", "Abaddon", "Templar Assassin", "Earthshaker", "Alchemist"]}, "39": {"radiant": ["Rubick", "Treant Protector", "Shadow Fiend", "Spectre", "Anti-Mage"], "dire": ["Ember Spirit", "Abaddon", "Templar Assassin", "Earthshaker", "Alchemist"]}, "40": {"radiant": ["Rubick", "Treant Protector", "Shadow Fiend", "Spectre", "Arc Warden"], "dire": ["Ember Spirit", "Abaddon", "Templar Assassin", "Earthshaker", "Alchemist"]}, "41": {"radiant": ["Rubick", "Treant Protector", "Shadow Fiend", "Spectre", "Bloodseeker"], "dire": ["Ember Spirit", "Abaddon", "Templar Assassin", "Earthshaker", "Alchemist"]}, "42": {"radiant": ["Rubick", "Treant Protector", "Shadow Fiend", "Spectre", "Bounty Hunter"], "dire": ["Ember Spirit", "Abaddon", "Templar Assassin", "Earthshaker", "Alchemist"]}, "43": {"radiant": ["Rubick", "Treant Protector", "Shadow Fiend", "Spectre", "Broodmother"], "dire": ["Ember Spirit", "Abaddon", "Templar Assassin", "Earthshaker", "Alchemist"]}, "44": {"radiant": ["Rubick", "Treant Protector", "Shadow Fiend", "Spectre", "Clinkz"], "dire": ["Ember Spirit", "Abaddon", "Templar Assassin", "Earthshaker", "Alchemist"]}, "45": {"radiant": ["Rubick", "Treant Protector", "Shadow Fiend", "Spectre", "Drow Ranger"], "dire": ["Ember Spirit", "Abaddon", "Templar Assassin", "Earthshaker", "Alchemist"]}, "46": {"radiant": ["Rubick", "Treant Protector", "Shadow Fiend", "Spectre", "Ember Spirit"], "dire": ["Ember Spirit", "Abaddon", "Templar Assassin", "Earthshaker", "Alchemist"]}, "47": {"radiant": ["Rubick", "Treant Protector", "Shadow Fiend", "Spectre", "Faceless Void"], "dire": ["Ember Spirit", "Abaddon", "Templar Assassin", "Earthshaker", "Alchemist"]}, "48": {"radiant": ["Rubick", "Treant Protector", "Shadow Fiend", "Spectre", "Gyrocopter"], "dire": ["Ember Spirit", "Abaddon", "Templar Assassin", "Earthshaker", "Alchemist"]}, "49": {"radiant": ["Rubick", "Treant Protector", "Shadow Fiend", "Spectre", "Juggernaut"], "dire": ["Ember Spirit", "Abaddon", "Templar Assassin", "Earthshaker", "Alchemist"]}, "50": {"radiant": ["Rubick", "Treant Protector", "Shadow Fiend", "Spectre", "Lone Druid"], "dire": ["Ember Spirit", "Abaddon", "Templar Assassin", "Earthshaker", "Alchemist"]}, "51": {"radiant": ["Rubick", "Treant Protector", "Shadow Fiend", "Spectre", "Luna"], "dire": ["Ember Spirit", "Abaddon", "Templar Assassin", "Earthshaker", "Alchemist"]}, "52": {"radiant": ["Rubick", "Treant Protector", "Shadow Fiend", "Spectre", "Medusa"], "dire": ["Ember Spirit", "Abaddon", "Templar Assassin", "Earthshaker", "Alchemist"]}, "53": {"radiant": ["Rubick", "Treant Protector", "Shadow Fiend", "Spectre", "Meepo"], "dire": ["Ember Spirit", "Abaddon", "Templar Assassin", "Earthshaker", "Alchemist"]}, "54": {"radiant": ["Rubick", "Treant Protector", "Shadow Fiend", "Spectre", "Mirana"], "dire": ["Ember Spirit", "Abaddon", "Templar Assassin", "Earthshaker", "Alchemist"]}, "55": {"radiant": ["Rubick", "Treant Protector", "Shadow Fiend", "Spectre", "Monkey King"], "dire": ["Ember Spirit", "Abaddon", "Templar Assassin", "Earthshaker", "Alchemist"]}, "56": {"radiant": ["Rubick", "Treant Protector", "Shadow Fiend", "Spectre", "Morphling"], "dire": ["Ember Spirit", "Abaddon", "Templar Assassin", "Earthshaker", "Alchemist"]}, "57": {"radiant": ["Rubick", "Treant Protector", "Shadow Fiend", "Spectre", "Naga Siren"], "dire": ["Ember Spirit", "Abaddon", "Templar Assassin", "Earthshaker", "Alchemist"]}, "58": {"radiant": ["Rubick", "Treant Protector", "Shadow Fiend", "Spectre", "Nyx Assassin"], "dire": ["Ember Spirit", "Abaddon", "Templar Assassin", "Earthshaker", "Alchemist"]}, "59": {"radiant": ["Rubick", "Treant Protector", "Shadow Fiend", "Spectre", "Pangolier"], "dire": ["Ember Spirit", "Abaddon", "Templar Assassin", "Earthshaker", "Alchemist"]}, "60": {"radiant": ["Rubick", "Treant Protector", "Shadow Fiend", "Spectre", "Phantom Assassin"], "dire": ["Ember Spirit", "Abaddon", "Templar Assassin", "Earthshaker", "Alchemist"]}, "61": {"radiant": ["Rubick", "Treant Protector", "Shadow Fiend", "Spectre", "Phantom Lancer"], "dire": ["Ember Spirit", "Abaddon", "Templar Assassin", "Earthshaker", "Alchemist"]}, "62": {"radiant": ["Rubick", "Treant Protector", "Shadow Fiend", "Spectre", "Razor"], "dire": ["Ember Spirit", "Abaddon", "Templar Assassin", "Earthshaker", "Alchemist"]}, "63": {"radiant": ["Rubick", "Treant Protector", "Shadow Fiend", "Spectre", "Riki"], "dire": ["Ember Spirit", "Abaddon", "Templar Assassin", "Earthshaker", "Alchemist"]}, "64": {"radiant": ["Rubick", "Treant Protector", "Shadow Fiend", "Spectre", "Shadow Fiend"], "dire": ["Ember Spirit", "Abaddon", "Templar Assassin", "Earthshaker", "Alchemist"]}, "65": {"radiant": ["Rubick", "Treant Protector", "Shadow Fiend", "Spectre", "Slark"], "dire": ["Ember Spirit", "Abaddon", "Templar Assassin", "Earthshaker", "Alchemist"]}, "66": {"radiant": ["Rubick", "Treant Protector", "Shadow Fiend", "Spectre", "Sniper"], "dire": ["Ember Spirit", "Abaddon", "Templar Assassin", "Earthshaker", "Alchemist"]}, "67": {"radiant": ["Rubick", "Treant Protector", "Shadow Fiend", "Spectre", "Spectre"], "dire": ["Ember Spirit", "Abaddon", "Templar Assassin", "Earthshaker", "Alchemist"]}, "68": {"radiant": ["Rubick", "Treant Protector", "Shadow Fiend", "Spectre", "Templar Assassin"], "dire": ["Ember Spirit", "Abaddon", "Templar Assassin", "Earthshaker", "Alchemist"]}, "69": {"radiant": ["Rubick", "Treant Protector", "Shadow Fiend", "Spectre", "Terrorblade"], "dire": ["Ember Spirit", "Abaddon", "Templar Assassin", "Earthshaker", "Alchemist"]}, "70": {"radiant": ["Rubick", "Treant Protector", "Shadow Fiend", "Spectre", "Troll Warlord"], "dire": ["Ember Spirit", "Abaddon", "Templar Assassin", "Earthshaker", "Alchemist"]}, "71": {"radiant": ["Rubick", "Treant Protector", "Shadow Fiend", "Spectre", "Ursa"], "dire": ["Ember Spirit", "Abaddon", "Templar Assassin", "Earthshaker", "Alchemist"]}, "72": {"radiant": ["Rubick", "Treant Protector", "Shadow Fiend", "Spectre", "Vengeful Spirit"], "dire": ["Ember Spirit", "Abaddon", "Templar Assassin", "Earthshaker", "Alchemist"]}, "73": {"radiant": ["Rubick", "Treant Protector", "Shadow Fiend", "Spectre", "Venomancer"], "dire": ["Ember Spirit", "Abaddon", "Templar Assassin", "Earthshaker", "Alchemist"]}, "74": {"radiant": ["Rubick", "Treant Protector", "Shadow Fiend", "Spectre", "Viper"], "dire": ["Ember Spirit", "Abaddon", "Templar Assassin", "Earthshaker", "Alchemist"]}, "75": {"radiant": ["Rubick", "Treant Protector", "Shadow Fiend", "Spectre", "Weaver"], "dire": ["Ember Spirit", "Abaddon", "Templar Assassin", "Earthshaker", "Alchemist"]}, "76": {"radiant": ["Rubick", "Treant Protector", "Shadow Fiend", "Spectre", "Ancient Apparition"], "dire": ["Ember Spirit", "Abaddon", "Templar Assassin", "Earthshaker", "Alchemist"]}, "77": {"radiant": ["Rubick", "Treant Protector", "Shadow Fiend", "Spectre", "Bane"], "dire": ["Ember Spirit", "Abaddon", "Templar Assassin", "Earthshaker", "Alchemist"]}, "78": {"radiant": ["Rubick", "Treant Protector", "Shadow Fiend", "Spectre", "Batrider"], "dire": ["Ember Spirit", "Abaddon", "Templar Assassin", "Earthshaker", "Alchemist"]}, "79": {"radiant": ["Rubick", "Treant Protector", "Shadow Fiend", "Spectre", "Chen"], "dire": ["Ember Spirit", "Abaddon", "Templar Assassin", "Earthshaker", "Alchemist"]}, "80": {"radiant": ["Rubick", "Treant Protector", "Shadow Fiend", "Spectre", "Crystal Maiden"], "dire": ["Ember Spirit", "Abaddon", "Templar Assassin", "Earthshaker", "Alchemist"]}, "81": {"radiant": ["Rubick", "Treant Protector", "Shadow Fiend", "Spectre", "Dark Seer"], "dire": ["Ember Spirit", "Abaddon", "Templar Assassin", "Earthshaker", "Alchemist"]}, "82": {"radiant": ["Rubick", "Treant Protector", "Shadow Fiend", "Spectre", "Dark Willow"], "dire": ["Ember Spirit", "Abaddon", "Templar Assassin", "Earthshaker", "Alchemist"]}, "83": {"radiant": ["Rubick", "Treant Protector", "Shadow Fiend", "Spectre", "Dazzle"], "dire": ["Ember Spirit", "Abaddon", "Templar Assassin", "Earthshaker", "Alchemist"]}, "84": {"radiant": ["Rubick", "Treant Protector", "Shadow Fiend", "Spectre", "Death Prophet"], "dire": ["Ember Spirit", "Abaddon", "Templar Assassin", "Earthshaker", "Alchemist"]}, "85": {"radiant": ["Rubick", "Treant Protector", "Shadow Fiend", "Spectre", "Disruptor"], "dire": ["Ember Spirit", "Abaddon", "Templar Assassin", "Earthshaker", "Alchemist"]}, "86": {"radiant": ["Rubick", "Treant Protector", "Shadow Fiend", "Spectre", "Enchantress"], "dire": ["Ember Spirit", "Abaddon", "Templar Assassin", "Earthshaker", "Alchemist"]}, "87": {"radiant": ["Rubick", "Treant Protector", "Shadow Fiend", "Spectre", "Enigma"], "dire": ["Ember Spirit", "Abaddon", "Templar Assassin", "Earthshaker", "Alchemist"]}, "88": {"radiant": ["Rubick", "Treant Protector", "Shadow Fiend", "Spectre", "Grimstroke"], "dire": ["Ember Spirit", "Abaddon", "Templar Assassin", "Earthshaker", "Alchemist"]}, "89": {"radiant": ["Rubick", "Treant Protector", "Shadow Fiend", "Spectre", "Invoker"], "dire": ["Ember Spirit", "Abaddon", "Templar Assassin", "Earthshaker", "Alchemist"]}, "90": {"radiant": ["Rubick", "Treant Protector", "Shadow Fiend", "Spectre", "Jakiro"], "dire": ["Ember Spirit", "Abaddon", "Templar Assassin", "Earthshaker", "Alchemist"]}, "91": {"radiant": ["Rubick", "Treant Protector", "Shadow Fiend", "Spectre", "Keeper of the Light"], "dire": ["Ember Spirit", "Abaddon", "Templar Assassin", "Earthshaker", "Alchemist"]}, "92": {"radiant": ["Rubick", "Treant Protector", "Shadow Fiend", "Spectre", "Leshrac"], "dire": ["Ember Spirit", "Abaddon", "Templar Assassin", "Earthshaker", "Alchemist"]}, "93": {"radiant": ["Rubick", "Treant Protector", "Shadow Fiend", "Spectre", "Lich"], "dire": ["Ember Spirit", "Abaddon", "Templar Assassin", "Earthshaker", "Alchemist"]}, "94": {"radiant": ["Rubick", "Treant Protector", "Shadow Fiend", "Spectre", "Lina"], "dire": ["Ember Spirit", "Abaddon", "Templar Assassin", "Earthshaker", "Alchemist"]}, "95": {"radiant": ["Rubick", "Treant Protector", "Shadow Fiend", "Spectre", "Lion"], "dire": ["Ember Spirit", "Abaddon", "Templar Assassin", "Earthshaker", "Alchemist"]}, "96": {"radiant": ["Rubick", "Treant Protector", "Shadow Fiend", "Spectre", "Nature's Prophet"], "dire": ["Ember Spirit", "Abaddon", "Templar Assassin", "Earthshaker", "Alchemist"]}, "97": {"radiant": ["Rubick", "Treant Protector", "Shadow Fiend", "Spectre", "Necrophos"], "dire": ["Ember Spirit", "Abaddon", "Templar Assassin", "Earthshaker", "Alchemist"]}, "98": {"radiant": ["Rubick", "Treant Protector", "Shadow Fiend", "Spectre", "Ogre Magi"], "dire": ["Ember Spirit", "Abaddon", "Templar Assassin", "Earthshaker", "Alchemist"]}, "99": {"radiant": ["Rubick", "Treant Protector", "Shadow Fiend", "Spectre", "Oracle"], "dire": ["Ember Spirit", "Abaddon", "Templar Assassin", "Earthshaker", "Alchemist"]}, "100": {"radiant": ["Rubick", "Treant Protector", "Shadow Fiend", "Spectre", "Outworld Devourer"], "dire": ["Ember Spirit", "Abaddon", "Templar Assassin", "Earthshaker", "Alchemist"]}, "101": {"radiant": ["Rubick", "Treant Protector", "Shadow Fiend", "Spectre", "Puck"], "dire": ["Ember Spirit", "Abaddon", "Templar Assassin", "Earthshaker", "Alchemist"]}, "102": {"radiant": ["Rubick", "Treant Protector", "Shadow Fiend", "Spectre", "Pugna"], "dire": ["Ember Spirit", "Abaddon", "Templar Assassin", "Earthshaker", "Alchemist"]}}